FC_ID,Run Folder, Lane, Library Pool ID, Library Pool Name, Library Id, Library Name, Index, Index Name
FC_04424,181128_NB501673_0382_AHGT2WBGX9,1,LIB037245,NOV14_POOL,GEN00137835,Fabp-1,ATCACG,NEBNext Index 1
FC_04424,181128_NB501673_0382_AHGT2WBGX9,1,LIB037245,NOV14_POOL,GEN00137836,Fabp-2,CGATGT,NEBNext Index 2
FC_04424,181128_NB501673_0382_AHGT2WBGX9,1,LIB037245,NOV14_POOL,GEN00137837,Fabp-3,TTAGGC,NEBNext Index 3
FC_04424,181128_NB501673_0382_AHGT2WBGX9,1,LIB037245,NOV14_POOL,GEN00137838,Fabp-4,TGACCA,NEBNext Index 4
FC_04424,181128_NB501673_0382_AHGT2WBGX9,1,LIB037245,NOV14_POOL,GEN00137839,KrasG12D-1,ACAGTG,NEBNext Index 5
FC_04424,181128_NB501673_0382_AHGT2WBGX9,1,LIB037245,NOV14_POOL,GEN00137840,KrasG12D-2,GCCAAT,NEBNext Index 6
FC_04424,181128_NB501673_0382_AHGT2WBGX9,1,LIB037245,NOV14_POOL,GEN00137841,KrasG12D-3,CAGATC,NEBNext Index 7
FC_04424,181128_NB501673_0382_AHGT2WBGX9,1,LIB037245,NOV14_POOL,GEN00137842,KrasG12D-4,ACTTGA,NEBNext Index 8
FC_04424,181128_NB501673_0382_AHGT2WBGX9,1,LIB037245,NOV14_POOL,GEN00137843,NI-V-3974,GATCAG,NEBNext Index 9
FC_04424,181128_NB501673_0382_AHGT2WBGX9,1,LIB037245,NOV14_POOL,GEN00137844,NI-V-3975,TAGCTT,NEBNext Index 10
FC_04424,181128_NB501673_0382_AHGT2WBGX9,1,LIB037245,NOV14_POOL,GEN00137845,NI-V-3962,GGCTAC,NEBNext Index 11
FC_04424,181128_NB501673_0382_AHGT2WBGX9,1,LIB037245,NOV14_POOL,GEN00137846,NI-V-3461,CTTGTA,NEBNext Index 12
FC_04424,181128_NB501673_0382_AHGT2WBGX9,1,LIB037245,NOV14_POOL,GEN00137847,NI-CDD-3976,AGTCAA,NEBNext Index 13
FC_04424,181128_NB501673_0382_AHGT2WBGX9,1,LIB037245,NOV14_POOL,GEN00137848,NI-CDD-3960,AGTTCC,NEBNext Index 14
FC_04424,181128_NB501673_0382_AHGT2WBGX9,1,LIB037245,NOV14_POOL,GEN00137849,NI-CDD-3558,ATGTCA,NEBNext Index 15
FC_04424,181128_NB501673_0382_AHGT2WBGX9,1,LIB037245,NOV14_POOL,GEN00137850,NI-CDD-3462,CCGTCC,NEBNext Index 16
FC_04424,181128_NB501673_0382_AHGT2WBGX9,1,LIB037245,NOV14_POOL,GEN00137851,I-V-3965,GTCCGC,NEBNext Index 18
FC_04424,181128_NB501673_0382_AHGT2WBGX9,1,LIB037245,NOV14_POOL,GEN00137852,I-V-3966,GTGAAA,NEBNext Index 19
FC_04424,181128_NB501673_0382_AHGT2WBGX9,1,LIB037245,NOV14_POOL,GEN00137853,I-V-3460,GTGGCC,NEBNext Index 20
FC_04424,181128_NB501673_0382_AHGT2WBGX9,1,LIB037245,NOV14_POOL,GEN00137854,I-V-3978,GTTTCG,NEBNext Index 21
FC_04424,181128_NB501673_0382_AHGT2WBGX9,1,LIB037245,NOV14_POOL,GEN00137855,I-CDD-3963,CGTACG,NEBNext Index 22
FC_04424,181128_NB501673_0382_AHGT2WBGX9,1,LIB037245,NOV14_POOL,GEN00137856,I-CDD-3964,GAGTGG,NEBNext Index 23
FC_04424,181128_NB501673_0382_AHGT2WBGX9,1,LIB037245,NOV14_POOL,GEN00137857,I-CDD-3459,ACTGAT,NEBNext Index 25
FC_04424,181128_NB501673_0382_AHGT2WBGX9,1,LIB037245,NOV14_POOL,GEN00137858,I-CDD-1711,ATTCCT,NEBNext Index 27
FC_04424,181128_NB501673_0382_AHGT2WBGX9,2,LIB037245,NOV14_POOL,GEN00137835,Fabp-1,ATCACG,NEBNext Index 1
FC_04424,181128_NB501673_0382_AHGT2WBGX9,2,LIB037245,NOV14_POOL,GEN00137836,Fabp-2,CGATGT,NEBNext Index 2
FC_04424,181128_NB501673_0382_AHGT2WBGX9,2,LIB037245,NOV14_POOL,GEN00137837,Fabp-3,TTAGGC,NEBNext Index 3
FC_04424,181128_NB501673_0382_AHGT2WBGX9,2,LIB037245,NOV14_POOL,GEN00137838,Fabp-4,TGACCA,NEBNext Index 4
FC_04424,181128_NB501673_0382_AHGT2WBGX9,2,LIB037245,NOV14_POOL,GEN00137839,KrasG12D-1,ACAGTG,NEBNext Index 5
FC_04424,181128_NB501673_0382_AHGT2WBGX9,2,LIB037245,NOV14_POOL,GEN00137840,KrasG12D-2,GCCAAT,NEBNext Index 6
FC_04424,181128_NB501673_0382_AHGT2WBGX9,2,LIB037245,NOV14_POOL,GEN00137841,KrasG12D-3,CAGATC,NEBNext Index 7
FC_04424,181128_NB501673_0382_AHGT2WBGX9,2,LIB037245,NOV14_POOL,GEN00137842,KrasG12D-4,ACTTGA,NEBNext Index 8
FC_04424,181128_NB501673_0382_AHGT2WBGX9,2,LIB037245,NOV14_POOL,GEN00137843,NI-V-3974,GATCAG,NEBNext Index 9
FC_04424,181128_NB501673_0382_AHGT2WBGX9,2,LIB037245,NOV14_POOL,GEN00137844,NI-V-3975,TAGCTT,NEBNext Index 10
FC_04424,181128_NB501673_0382_AHGT2WBGX9,2,LIB037245,NOV14_POOL,GEN00137845,NI-V-3962,GGCTAC,NEBNext Index 11
FC_04424,181128_NB501673_0382_AHGT2WBGX9,2,LIB037245,NOV14_POOL,GEN00137846,NI-V-3461,CTTGTA,NEBNext Index 12
FC_04424,181128_NB501673_0382_AHGT2WBGX9,2,LIB037245,NOV14_POOL,GEN00137847,NI-CDD-3976,AGTCAA,NEBNext Index 13
FC_04424,181128_NB501673_0382_AHGT2WBGX9,2,LIB037245,NOV14_POOL,GEN00137848,NI-CDD-3960,AGTTCC,NEBNext Index 14
FC_04424,181128_NB501673_0382_AHGT2WBGX9,2,LIB037245,NOV14_POOL,GEN00137849,NI-CDD-3558,ATGTCA,NEBNext Index 15
FC_04424,181128_NB501673_0382_AHGT2WBGX9,2,LIB037245,NOV14_POOL,GEN00137850,NI-CDD-3462,CCGTCC,NEBNext Index 16
FC_04424,181128_NB501673_0382_AHGT2WBGX9,2,LIB037245,NOV14_POOL,GEN00137851,I-V-3965,GTCCGC,NEBNext Index 18
FC_04424,181128_NB501673_0382_AHGT2WBGX9,2,LIB037245,NOV14_POOL,GEN00137852,I-V-3966,GTGAAA,NEBNext Index 19
FC_04424,181128_NB501673_0382_AHGT2WBGX9,2,LIB037245,NOV14_POOL,GEN00137853,I-V-3460,GTGGCC,NEBNext Index 20
FC_04424,181128_NB501673_0382_AHGT2WBGX9,2,LIB037245,NOV14_POOL,GEN00137854,I-V-3978,GTTTCG,NEBNext Index 21
FC_04424,181128_NB501673_0382_AHGT2WBGX9,2,LIB037245,NOV14_POOL,GEN00137855,I-CDD-3963,CGTACG,NEBNext Index 22
FC_04424,181128_NB501673_0382_AHGT2WBGX9,2,LIB037245,NOV14_POOL,GEN00137856,I-CDD-3964,GAGTGG,NEBNext Index 23
FC_04424,181128_NB501673_0382_AHGT2WBGX9,2,LIB037245,NOV14_POOL,GEN00137857,I-CDD-3459,ACTGAT,NEBNext Index 25
FC_04424,181128_NB501673_0382_AHGT2WBGX9,2,LIB037245,NOV14_POOL,GEN00137858,I-CDD-1711,ATTCCT,NEBNext Index 27
FC_04424,181128_NB501673_0382_AHGT2WBGX9,3,LIB037245,NOV14_POOL,GEN00137835,Fabp-1,ATCACG,NEBNext Index 1
FC_04424,181128_NB501673_0382_AHGT2WBGX9,3,LIB037245,NOV14_POOL,GEN00137836,Fabp-2,CGATGT,NEBNext Index 2
FC_04424,181128_NB501673_0382_AHGT2WBGX9,3,LIB037245,NOV14_POOL,GEN00137837,Fabp-3,TTAGGC,NEBNext Index 3
FC_04424,181128_NB501673_0382_AHGT2WBGX9,3,LIB037245,NOV14_POOL,GEN00137838,Fabp-4,TGACCA,NEBNext Index 4
FC_04424,181128_NB501673_0382_AHGT2WBGX9,3,LIB037245,NOV14_POOL,GEN00137839,KrasG12D-1,ACAGTG,NEBNext Index 5
FC_04424,181128_NB501673_0382_AHGT2WBGX9,3,LIB037245,NOV14_POOL,GEN00137840,KrasG12D-2,GCCAAT,NEBNext Index 6
FC_04424,181128_NB501673_0382_AHGT2WBGX9,3,LIB037245,NOV14_POOL,GEN00137841,KrasG12D-3,CAGATC,NEBNext Index 7
FC_04424,181128_NB501673_0382_AHGT2WBGX9,3,LIB037245,NOV14_POOL,GEN00137842,KrasG12D-4,ACTTGA,NEBNext Index 8
FC_04424,181128_NB501673_0382_AHGT2WBGX9,3,LIB037245,NOV14_POOL,GEN00137843,NI-V-3974,GATCAG,NEBNext Index 9
FC_04424,181128_NB501673_0382_AHGT2WBGX9,3,LIB037245,NOV14_POOL,GEN00137844,NI-V-3975,TAGCTT,NEBNext Index 10
FC_04424,181128_NB501673_0382_AHGT2WBGX9,3,LIB037245,NOV14_POOL,GEN00137845,NI-V-3962,GGCTAC,NEBNext Index 11
FC_04424,181128_NB501673_0382_AHGT2WBGX9,3,LIB037245,NOV14_POOL,GEN00137846,NI-V-3461,CTTGTA,NEBNext Index 12
FC_04424,181128_NB501673_0382_AHGT2WBGX9,3,LIB037245,NOV14_POOL,GEN00137847,NI-CDD-3976,AGTCAA,NEBNext Index 13
FC_04424,181128_NB501673_0382_AHGT2WBGX9,3,LIB037245,NOV14_POOL,GEN00137848,NI-CDD-3960,AGTTCC,NEBNext Index 14
FC_04424,181128_NB501673_0382_AHGT2WBGX9,3,LIB037245,NOV14_POOL,GEN00137849,NI-CDD-3558,ATGTCA,NEBNext Index 15
FC_04424,181128_NB501673_0382_AHGT2WBGX9,3,LIB037245,NOV14_POOL,GEN00137850,NI-CDD-3462,CCGTCC,NEBNext Index 16
FC_04424,181128_NB501673_0382_AHGT2WBGX9,3,LIB037245,NOV14_POOL,GEN00137851,I-V-3965,GTCCGC,NEBNext Index 18
FC_04424,181128_NB501673_0382_AHGT2WBGX9,3,LIB037245,NOV14_POOL,GEN00137852,I-V-3966,GTGAAA,NEBNext Index 19
FC_04424,181128_NB501673_0382_AHGT2WBGX9,3,LIB037245,NOV14_POOL,GEN00137853,I-V-3460,GTGGCC,NEBNext Index 20
FC_04424,181128_NB501673_0382_AHGT2WBGX9,3,LIB037245,NOV14_POOL,GEN00137854,I-V-3978,GTTTCG,NEBNext Index 21
FC_04424,181128_NB501673_0382_AHGT2WBGX9,3,LIB037245,NOV14_POOL,GEN00137855,I-CDD-3963,CGTACG,NEBNext Index 22
FC_04424,181128_NB501673_0382_AHGT2WBGX9,3,LIB037245,NOV14_POOL,GEN00137856,I-CDD-3964,GAGTGG,NEBNext Index 23
FC_04424,181128_NB501673_0382_AHGT2WBGX9,3,LIB037245,NOV14_POOL,GEN00137857,I-CDD-3459,ACTGAT,NEBNext Index 25
FC_04424,181128_NB501673_0382_AHGT2WBGX9,3,LIB037245,NOV14_POOL,GEN00137858,I-CDD-1711,ATTCCT,NEBNext Index 27
FC_04424,181128_NB501673_0382_AHGT2WBGX9,4,LIB037245,NOV14_POOL,GEN00137835,Fabp-1,ATCACG,NEBNext Index 1
FC_04424,181128_NB501673_0382_AHGT2WBGX9,4,LIB037245,NOV14_POOL,GEN00137836,Fabp-2,CGATGT,NEBNext Index 2
FC_04424,181128_NB501673_0382_AHGT2WBGX9,4,LIB037245,NOV14_POOL,GEN00137837,Fabp-3,TTAGGC,NEBNext Index 3
FC_04424,181128_NB501673_0382_AHGT2WBGX9,4,LIB037245,NOV14_POOL,GEN00137838,Fabp-4,TGACCA,NEBNext Index 4
FC_04424,181128_NB501673_0382_AHGT2WBGX9,4,LIB037245,NOV14_POOL,GEN00137839,KrasG12D-1,ACAGTG,NEBNext Index 5
FC_04424,181128_NB501673_0382_AHGT2WBGX9,4,LIB037245,NOV14_POOL,GEN00137840,KrasG12D-2,GCCAAT,NEBNext Index 6
FC_04424,181128_NB501673_0382_AHGT2WBGX9,4,LIB037245,NOV14_POOL,GEN00137841,KrasG12D-3,CAGATC,NEBNext Index 7
FC_04424,181128_NB501673_0382_AHGT2WBGX9,4,LIB037245,NOV14_POOL,GEN00137842,KrasG12D-4,ACTTGA,NEBNext Index 8
FC_04424,181128_NB501673_0382_AHGT2WBGX9,4,LIB037245,NOV14_POOL,GEN00137843,NI-V-3974,GATCAG,NEBNext Index 9
FC_04424,181128_NB501673_0382_AHGT2WBGX9,4,LIB037245,NOV14_POOL,GEN00137844,NI-V-3975,TAGCTT,NEBNext Index 10
FC_04424,181128_NB501673_0382_AHGT2WBGX9,4,LIB037245,NOV14_POOL,GEN00137845,NI-V-3962,GGCTAC,NEBNext Index 11
FC_04424,181128_NB501673_0382_AHGT2WBGX9,4,LIB037245,NOV14_POOL,GEN00137846,NI-V-3461,CTTGTA,NEBNext Index 12
FC_04424,181128_NB501673_0382_AHGT2WBGX9,4,LIB037245,NOV14_POOL,GEN00137847,NI-CDD-3976,AGTCAA,NEBNext Index 13
FC_04424,181128_NB501673_0382_AHGT2WBGX9,4,LIB037245,NOV14_POOL,GEN00137848,NI-CDD-3960,AGTTCC,NEBNext Index 14
FC_04424,181128_NB501673_0382_AHGT2WBGX9,4,LIB037245,NOV14_POOL,GEN00137849,NI-CDD-3558,ATGTCA,NEBNext Index 15
FC_04424,181128_NB501673_0382_AHGT2WBGX9,4,LIB037245,NOV14_POOL,GEN00137850,NI-CDD-3462,CCGTCC,NEBNext Index 16
FC_04424,181128_NB501673_0382_AHGT2WBGX9,4,LIB037245,NOV14_POOL,GEN00137851,I-V-3965,GTCCGC,NEBNext Index 18
FC_04424,181128_NB501673_0382_AHGT2WBGX9,4,LIB037245,NOV14_POOL,GEN00137852,I-V-3966,GTGAAA,NEBNext Index 19
FC_04424,181128_NB501673_0382_AHGT2WBGX9,4,LIB037245,NOV14_POOL,GEN00137853,I-V-3460,GTGGCC,NEBNext Index 20
FC_04424,181128_NB501673_0382_AHGT2WBGX9,4,LIB037245,NOV14_POOL,GEN00137854,I-V-3978,GTTTCG,NEBNext Index 21
FC_04424,181128_NB501673_0382_AHGT2WBGX9,4,LIB037245,NOV14_POOL,GEN00137855,I-CDD-3963,CGTACG,NEBNext Index 22
FC_04424,181128_NB501673_0382_AHGT2WBGX9,4,LIB037245,NOV14_POOL,GEN00137856,I-CDD-3964,GAGTGG,NEBNext Index 23
FC_04424,181128_NB501673_0382_AHGT2WBGX9,4,LIB037245,NOV14_POOL,GEN00137857,I-CDD-3459,ACTGAT,NEBNext Index 25
FC_04424,181128_NB501673_0382_AHGT2WBGX9,4,LIB037245,NOV14_POOL,GEN00137858,I-CDD-1711,ATTCCT,NEBNext Index 27
